{
    "loss": 7.849610328674316,
    "accuracy": 0.5467625856399536
}